,permit,permit_recheck,handgun,long_gun,other,multiple,admin,prepawn_handgun,prepawn_long_gun,prepawn_other,redemption_handgun,redemption_long_gun,redemption_other,returned_handgun,returned_long_gun,returned_other,rentals_handgun,rentals_long_gun,private_sale_handgun,private_sale_long_gun,private_sale_other,return_to_seller_handgun,return_to_seller_long_gun,return_to_seller_other,totals
0,1047107.0,202807.0,781452.0,540979.0,68192.0,26890,3082.0,386.0,340.0,60.0,39265.0,32785.0,299.0,3634.0,749.0,120.0,11.0,11.0,2750.0,2513.0,323.0,47.0,75.0,4.0,2753881
1,890756.0,130675.0,661699.0,434373.0,46931.0,26554,3865.0,417.0,392.0,38.0,49466.0,39280.0,219.0,3106.0,855.0,100.0,12.0,6.0,2353.0,1978.0,225.0,31.0,36.0,6.0,2293373
2,914077.0,127178.0,501638.0,337597.0,35971.0,15732,1546.0,315.0,250.0,33.0,30780.0,23181.0,156.0,3306.0,679.0,91.0,18.0,9.0,2154.0,1757.0,162.0,36.0,50.0,5.0,1996721
3,844914.0,109311.0,784267.0,697785.0,46261.0,23455,444.0,372.0,309.0,40.0,33442.0,26473.0,199.0,2618.0,721.0,71.0,6.0,7.0,2430.0,2084.0,178.0,43.0,42.0,14.0,2575486
4,820971.0,94814.0,680029.0,635407.0,39297.0,24403,375.0,377.0,367.0,27.0,33929.0,34669.0,160.0,2868.0,722.0,61.0,10.0,12.0,2102.0,2004.0,164.0,44.0,70.0,6.0,2372888
5,805954.0,78998.0,519980.0,480203.0,37445.0,18920,336.0,317.0,336.0,33.0,33304.0,32904.0,161.0,3070.0,750.0,80.0,14.0,12.0,2017.0,1928.0,164.0,41.0,45.0,5.0,2017017
6,761622.0,76567.0,478082.0,417305.0,26924.0,17638,337.0,320.0,287.0,24.0,38041.0,32967.0,150.0,2491.0,545.0,45.0,15.0,10.0,1877.0,1740.0,138.0,38.0,55.0,8.0,1857226
7,789993.0,85237.0,507489.0,396950.0,27631.0,18261,564.0,213.0,197.0,11.0,34600.0,27932.0,130.0,2865.0,617.0,67.0,7.0,4.0,1824.0,1645.0,119.0,44.0,45.0,12.0,1896457
8,754920.0,71040.0,480124.0,322264.0,26898.0,15721,865.0,226.0,170.0,13.0,31136.0,23651.0,134.0,2442.0,546.0,73.0,5.0,2.0,1681.0,1215.0,104.0,35.0,35.0,8.0,1733308
9,800655.0,71398.0,569149.0,331152.0,29730.0,17076,512.0,212.0,187.0,11.0,35253.0,25813.0,149.0,2726.0,626.0,70.0,1.0,4.0,1884.0,1422.0,133.0,46.0,39.0,18.0,1888266
10,830963.0,79404.0,552018.0,328157.0,29372.0,16969,604.0,228.0,169.0,25.0,30273.0,23655.0,157.0,2749.0,675.0,90.0,5.0,1.0,1856.0,1264.0,105.0,39.0,43.0,19.0,1898840
11,837426.0,88158.0,623448.0,376484.0,32577.0,18813,370.0,214.0,185.0,63.0,28757.0,23661.0,149.0,2426.0,593.0,72.0,2.0,12.0,2019.0,1522.0,120.0,42.0,53.0,14.0,2037180
12,945715.0,120105.0,751866.0,461273.0,38684.0,22396,514.0,275.0,245.0,14.0,38310.0,34909.0,197.0,2888.0,616.0,95.0,2.0,6.0,2535.0,1841.0,155.0,46.0,44.0,18.0,2422749
13,836331.0,89855.0,717930.0,421678.0,33386.0,26698,455.0,279.0,254.0,24.0,48438.0,41825.0,198.0,2509.0,572.0,90.0,4.0,4.0,2019.0,1578.0,149.0,41.0,58.0,19.0,2224394
14,912220.0,81523.0,562597.0,366099.0,31788.0,15817,267.0,200.0,200.0,8.0,30010.0,24934.0,291.0,2669.0,594.0,66.0,11.0,7.0,1532.0,1085.0,129.0,30.0,26.0,5.0,2032108
15,842154.0,75114.0,844966.0,795473.0,111710.0,23543,332.0,195.0,189.0,16.0,34000.0,30078.0,269.0,2198.0,496.0,69.0,1.0,3.0,1187.0,966.0,110.0,20.0,21.0,5.0,2763115
16,803158.0,88990.0,748430.0,745659.0,65418.0,25369,301.0,200.0,220.0,15.0,33148.0,38326.0,280.0,2265.0,579.0,41.0,6.0,7.0,1029.0,917.0,94.0,10.0,16.0,8.0,2554486
17,858875.0,103528.0,634504.0,576371.0,56125.0,22101,260.0,229.0,243.0,18.0,33421.0,35551.0,310.0,2193.0,554.0,56.0,5.0,5.0,1139.0,900.0,81.0,13.0,27.0,8.0,2326517
18,744512.0,82123.0,533709.0,486524.0,40501.0,19800,217.0,234.0,233.0,23.0,36088.0,34842.0,255.0,2156.0,579.0,63.0,3.0,5.0,934.0,712.0,42.0,15.0,17.0,9.0,1983596
19,542822.0,81977.0,611575.0,471095.0,41026.0,20452,288.0,207.0,200.0,13.0,32284.0,29558.0,263.0,2513.0,631.0,98.0,1.0,1.0,849.0,760.0,101.0,39.0,28.0,7.0,1836788
20,950653.0,25806.0,628725.0,440345.0,53334.0,21420,230.0,217.0,194.0,9.0,33692.0,27755.0,179.0,1901.0,429.0,65.0,0.0,0.0,1192.0,886.0,94.0,25.0,36.0,3.0,2187190
21,963194.0,20052.0,582821.0,423697.0,49220.0,20854,237.0,196.0,206.0,11.0,31663.0,26233.0,137.0,2002.0,457.0,70.0,0.0,0.0,1198.0,892.0,109.0,40.0,39.0,6.0,2123334
22,917727.0,14440.0,512406.0,315716.0,27969.0,15726,235.0,197.0,165.0,10.0,27674.0,23594.0,115.0,1912.0,473.0,116.0,0.0,0.0,1218.0,833.0,70.0,46.0,51.0,6.0,1860699
23,1005671.0,19033.0,613965.0,385241.0,29516.0,18185,314.0,217.0,196.0,7.0,30479.0,27959.0,123.0,1903.0,499.0,73.0,0.0,0.0,1359.0,1011.0,80.0,31.0,43.0,4.0,2135909
24,1211790.0,7605.0,736630.0,430837.0,33504.0,20547,419.0,207.0,196.0,10.0,31209.0,30705.0,128.0,1981.0,488.0,54.0,0.0,0.0,1534.0,1052.0,76.0,46.0,41.0,6.0,2509065
25,1116796.0,597.0,848215.0,468229.0,35535.0,28741,213.0,281.0,321.0,15.0,49892.0,50470.0,192.0,1887.0,485.0,58.0,0.0,0.0,1512.0,1062.0,79.0,39.0,43.0,5.0,2604667
26,1177299.0,0.0,789552.0,449324.0,42279.0,20985,320.0,243.0,204.0,14.0,28911.0,25933.0,148.0,1691.0,556.0,28.0,0.0,0.0,1410.0,1051.0,102.0,38.0,54.0,4.0,2540146
27,1072639.0,0.0,1201747.0,873335.0,52925.0,34059,286.0,264.0,276.0,18.0,34625.0,32975.0,157.0,1633.0,445.0,64.0,0.0,0.0,1473.0,1065.0,104.0,53.0,49.0,7.0,3308199
28,804006.0,0.0,671330.0,636903.0,26597.0,23015,1281.0,218.0,249.0,13.0,29905.0,38487.0,102.0,1656.0,533.0,44.0,0.0,0.0,1067.0,905.0,65.0,31.0,45.0,5.0,2236457
29,757770.0,0.0,564873.0,511525.0,26664.0,20444,2435.0,216.0,247.0,19.0,36441.0,43820.0,123.0,1840.0,526.0,44.0,0.0,0.0,1122.0,977.0,55.0,41.0,65.0,1.0,1969248
30,714798.0,0.0,506877.0,446564.0,24340.0,19352,363.0,196.0,223.0,11.0,33442.0,36635.0,109.0,1667.0,439.0,61.0,0.0,0.0,814.0,739.0,48.0,26.0,37.0,2.0,1786743
31,703952.0,0.0,514414.0,409417.0,23568.0,17786,322.0,164.0,209.0,22.0,31381.0,31756.0,109.0,1565.0,408.0,18.0,0.0,0.0,439.0,348.0,14.0,5.0,11.0,3.0,1735911
32,642934.0,0.0,513206.0,325206.0,22637.0,16726,241.0,207.0,191.0,13.0,34150.0,31101.0,139.0,1586.0,407.0,31.0,0.0,0.0,385.0,270.0,18.0,4.0,8.0,2.0,1589462
33,632027.0,0.0,483021.0,305401.0,21556.0,15133,307.0,206.0,169.0,14.0,30367.0,27722.0,123.0,1621.0,401.0,34.0,0.0,0.0,420.0,280.0,19.0,7.0,23.0,1.0,1518852
34,652186.0,0.0,500558.0,320023.0,21993.0,15791,282.0,163.0,183.0,4.0,29694.0,27477.0,100.0,1369.0,312.0,42.0,0.0,0.0,378.0,308.0,12.0,4.0,12.0,2.0,1570893
35,710039.0,0.0,525804.0,361842.0,24085.0,16521,298.0,160.0,179.0,9.0,27996.0,28152.0,117.0,1309.0,409.0,16.0,0.0,0.0,423.0,330.0,31.0,5.0,12.0,0.0,1697737
36,813422.0,0.0,631154.0,446107.0,27997.0,19582,413.0,181.0,190.0,5.0,28485.0,31296.0,122.0,1203.0,404.0,22.0,0.0,0.0,268.0,293.0,81.0,4.0,16.0,0.0,2001245
37,567483.0,0.0,677197.0,448579.0,29014.0,25757,413.0,218.0,211.0,10.0,45911.0,51948.0,155.0,762.0,252.0,22.0,0.0,0.0,197.0,157.0,13.0,3.0,5.0,1.0,1848308
38,710792.0,0.0,543627.0,394539.0,28123.0,18209,396.0,169.0,204.0,37.0,32755.0,33707.0,156.0,101.0,50.0,8.0,0.0,0.0,195.0,132.0,12.0,4.0,16.0,1.0,1763233
39,676862.0,0.0,740231.0,761619.0,32703.0,24031,725.0,184.0,272.0,17.0,30322.0,33961.0,122.0,0.0,0.0,0.0,0.0,0.0,183.0,132.0,5.0,6.0,7.0,4.0,2301386
40,467475.0,0.0,548303.0,662356.0,24513.0,20957,401.0,197.0,278.0,17.0,29771.0,42478.0,107.0,0.0,0.0,0.0,0.0,0.0,145.0,152.0,3.0,2.0,6.0,2.0,1797163
41,421101.0,0.0,512279.0,535601.0,21857.0,20141,478.0,226.0,266.0,17.0,35567.0,47913.0,122.0,0.0,0.0,0.0,0.0,0.0,161.0,149.0,8.0,6.0,3.0,3.0,1595898
42,423213.0,0.0,452702.0,461827.0,18898.0,18390,338.0,199.0,234.0,8.0,31812.0,39412.0,111.0,0.0,0.0,0.0,0.0,0.0,167.0,132.0,4.0,17.0,15.0,6.0,1447485
43,549010.0,0.0,460119.0,416385.0,19898.0,17986,367.0,195.0,230.0,12.0,34657.0,39062.0,110.0,0.0,0.0,0.0,2.0,0.0,148.0,106.0,4.0,30.0,24.0,2.0,1538347
44,577117.0,0.0,408767.0,310767.0,18445.0,15073,297.0,176.0,169.0,7.0,30793.0,31772.0,94.0,0.0,0.0,0.0,0.0,0.0,123.0,85.0,8.0,4.0,7.0,1.0,1393705
45,569564.0,0.0,410871.0,304023.0,18467.0,14167,193.0,156.0,188.0,11.0,28261.0,28866.0,120.0,1.0,0.0,0.0,0.0,0.0,136.0,95.0,9.0,2.0,5.0,0.0,1375135
46,598663.0,0.0,454630.0,323738.0,19976.0,16045,283.0,171.0,215.0,7.0,30703.0,31512.0,121.0,0.0,0.0,0.0,0.0,0.0,131.0,108.0,9.0,4.0,2.0,0.0,1476318
47,744925.0,0.0,508468.0,382976.0,22299.0,16528,358.0,189.0,200.0,8.0,27085.0,30227.0,119.0,0.0,0.0,0.0,0.0,0.0,148.0,113.0,2.0,4.0,2.0,0.0,1733651
48,1251905.0,0.0,629802.0,482924.0,25849.0,19790,326.0,139.0,238.0,7.0,29611.0,35626.0,108.0,1.0,1.0,0.0,0.0,0.0,166.0,105.0,8.0,0.0,3.0,1.0,2476610
49,809968.0,0.0,633688.0,470225.0,23455.0,26496,242.0,234.0,272.0,19.0,49137.0,59893.0,131.0,0.0,0.0,0.0,0.0,0.0,106.0,86.0,16.0,3.0,6.0,1.0,2073978
50,680055.0,0.0,439383.0,430930.0,21903.0,15871,250.0,159.0,260.0,16.0,29217.0,32186.0,115.0,0.0,0.0,0.0,1.0,0.0,106.0,78.0,27.0,5.0,3.0,0.0,1650565
51,522226.0,0.0,565419.0,844358.0,19688.0,21244,274.0,207.0,256.0,16.0,26876.0,31880.0,89.0,0.0,0.0,0.0,0.0,0.0,93.0,76.0,47.0,0.0,6.0,0.0,2032755
52,497659.0,0.0,458889.0,732270.0,15898.0,19436,399.0,182.0,290.0,15.0,31552.0,48912.0,98.0,0.0,0.0,0.0,0.0,0.0,83.0,66.0,7.0,0.0,2.0,1.0,1805759
53,565281.0,0.0,422005.0,578973.0,14272.0,17954,675.0,154.0,287.0,15.0,32406.0,46774.0,112.0,0.0,0.0,0.0,0.0,0.0,78.0,102.0,8.0,0.0,3.0,0.0,1679099
54,357722.0,0.0,413380.0,523292.0,14005.0,16018,469.0,166.0,247.0,6.0,28819.0,38027.0,83.0,0.0,0.0,0.0,0.0,0.0,63.0,117.0,5.0,0.0,3.0,1.0,1392423
55,391909.0,0.0,428058.0,497092.0,13486.0,17092,582.0,249.0,283.0,1.0,27062.0,32462.0,68.0,0.0,0.0,0.0,0.0,0.0,68.0,48.0,1.0,2.0,5.0,0.0,1408468
56,416312.0,0.0,391016.0,376846.0,12468.0,14339,519.0,241.0,298.0,5.0,28092.0,31376.0,59.0,0.0,0.0,0.0,0.0,0.0,0.0,0.0,0.0,0.0,0.0,0.0,1271571
57,398792.0,0.0,394363.0,392866.0,13555.0,14526,444.0,209.0,263.0,6.0,26792.0,28944.0,56.0,0.0,0.0,0.0,0.0,1.0,0.0,0.0,0.0,0.0,0.0,0.0,1270817
58,449993.0,0.0,445522.0,436674.0,15605.0,16057,619.0,191.0,267.0,2.0,28305.0,31163.0,52.0,0.0,0.0,0.0,0.0,0.0,0.0,0.0,0.0,0.0,0.0,0.0,1424450
59,517224.0,0.0,533674.0,554003.0,21136.0,18624,665.0,204.0,267.0,6.0,25445.0,31156.0,50.0,0.0,0.0,0.0,1.0,0.0,0.0,0.0,0.0,0.0,0.0,0.0,1702455
60,695386.0,0.0,683266.0,700873.0,23817.0,23878,376.0,214.0,260.0,7.0,30530.0,38447.0,58.0,0.0,0.0,0.0,4.0,0.0,0.0,0.0,0.0,0.0,0.0,0.0,2197116
61,664252.0,0.0,770872.0,703223.0,22709.0,31163,375.0,255.0,383.0,7.0,45148.0,60089.0,85.0,0.0,0.0,0.0,0.0,0.0,0.0,0.0,0.0,0.0,0.0,0.0,2298561
62,693076.0,0.0,881038.0,788328.0,26137.0,31029,267.0,228.0,317.0,3.0,28451.0,34288.0,68.0,0.0,0.0,0.0,0.0,0.0,0.0,0.0,0.0,0.0,0.0,0.0,2483230
63,538374.0,0.0,876673.0,1224465.0,31717.0,38438,228.0,211.0,318.0,5.0,29216.0,36388.0,72.0,0.0,0.0,0.0,0.0,0.0,0.0,0.0,0.0,0.0,0.0,0.0,2776105
64,472526.0,0.0,533201.0,863265.0,19386.0,25126,207.0,217.0,357.0,4.0,31098.0,52270.0,46.0,0.0,0.0,0.0,0.0,0.0,0.0,0.0,0.0,0.0,0.0,0.0,1997703
65,485749.0,0.0,410260.0,597561.0,13338.0,18390,228.0,257.0,368.0,1.0,30209.0,48323.0,59.0,0.0,0.0,0.0,0.0,0.0,0.0,0.0,0.0,0.0,0.0,0.0,1604743
66,443478.0,0.0,389994.0,521050.0,11666.0,16859,188.0,243.0,334.0,4.0,27840.0,39028.0,53.0,0.0,0.0,0.0,0.0,0.0,0.0,0.0,0.0,0.0,0.0,0.0,1450737
67,471772.0,0.0,426573.0,510406.0,12662.0,17560,410.0,270.0,353.0,1.0,32349.0,42293.0,47.0,0.0,0.0,0.0,0.0,0.0,0.0,0.0,0.0,0.0,0.0,0.0,1514696
68,436230.0,0.0,377343.0,393993.0,9924.0,14094,585.0,222.0,257.0,1.0,25786.0,31098.0,52.0,0.0,0.0,0.0,0.0,0.0,0.0,0.0,0.0,0.0,0.0,0.0,1289585
69,443773.0,0.0,370436.0,389413.0,9232.0,13853,361.0,235.0,297.0,3.0,28811.0,33731.0,65.0,0.0,0.0,0.0,0.0,0.0,0.0,0.0,0.0,0.0,0.0,0.0,1290210
70,464980.0,0.0,376246.0,384767.0,9670.0,13467,508.0,211.0,262.0,4.0,25355.0,29866.0,56.0,0.0,0.0,0.0,0.0,0.0,0.0,0.0,0.0,0.0,0.0,0.0,1305392
71,484414.0,0.0,416260.0,438214.0,10195.0,14576,592.0,225.0,301.0,3.0,22686.0,28569.0,39.0,0.0,0.0,0.0,0.0,0.0,0.0,0.0,0.0,0.0,0.0,0.0,1416074
72,525973.0,0.0,535661.0,556028.0,13234.0,17925,831.0,255.0,335.0,4.0,27829.0,36983.0,67.0,0.0,0.0,0.0,0.0,0.0,0.0,0.0,0.0,0.0,0.0,0.0,1715125
73,468302.0,0.0,568133.0,555414.0,12295.0,24046,1481.0,313.0,408.0,5.0,42717.0,61463.0,69.0,0.0,0.0,0.0,0.0,0.0,0.0,0.0,0.0,0.0,0.0,0.0,1734646
74,447976.0,0.0,402183.0,431649.0,9504.0,15936,1051.0,268.0,371.0,3.0,26164.0,33664.0,47.0,0.0,0.0,0.0,0.0,0.0,0.0,0.0,0.0,0.0,0.0,0.0,1368816
75,443463.0,0.0,511902.0,803733.0,8478.0,22719,1300.0,281.0,381.0,1.0,26289.0,35805.0,48.0,0.0,0.0,0.0,0.0,0.0,0.0,0.0,0.0,0.0,0.0,0.0,1854400
76,426378.0,0.0,359660.0,642790.0,6079.0,19679,883.0,223.0,375.0,1.0,24955.0,46402.0,29.0,0.0,0.0,0.0,0.0,0.0,0.0,0.0,0.0,0.0,0.0,0.0,1527454
77,386748.0,0.0,328762.0,522471.0,5618.0,17680,1067.0,255.0,397.0,2.0,25343.0,43463.0,30.0,0.0,0.0,0.0,0.0,0.0,0.0,0.0,0.0,0.0,0.0,0.0,1331836
78,366259.0,0.0,316724.0,464594.0,5595.0,18650,577.0,257.0,399.0,3.0,28240.0,43254.0,52.0,0.0,0.0,0.0,0.0,0.0,0.0,0.0,0.0,0.0,0.0,0.0,1244604
79,484575.0,0.0,319519.0,413312.0,5302.0,16801,921.0,289.0,339.0,0.0,24764.0,34563.0,48.0,0.0,0.0,0.0,0.0,0.0,0.0,0.0,0.0,0.0,0.0,0.0,1300433
80,467097.0,0.0,291310.0,312214.0,4896.0,15803,380.0,264.0,333.0,4.0,24193.0,30830.0,31.0,0.0,0.0,0.0,0.0,0.0,0.0,0.0,0.0,0.0,0.0,0.0,1147355
81,477874.0,0.0,298380.0,307659.0,4758.0,15225,1070.0,250.0,289.0,1.0,22951.0,29214.0,43.0,0.0,0.0,0.0,0.0,0.0,0.0,0.0,0.0,0.0,0.0,0.0,1157714
82,522925.0,0.0,307919.0,320995.0,4784.0,15565,744.0,239.0,330.0,1.0,20278.0,26054.0,38.0,0.0,0.0,0.0,0.0,0.0,0.0,0.0,0.0,0.0,0.0,0.0,1219872
83,496189.0,0.0,362119.0,404033.0,6119.0,18054,983.0,244.0,354.0,1.0,21782.0,29767.0,28.0,0.0,0.0,0.0,0.0,0.0,0.0,0.0,0.0,0.0,0.0,0.0,1339673
84,446869.0,0.0,438614.0,466407.0,7302.0,20362,1857.0,272.0,395.0,0.0,22610.0,32990.0,31.0,0.0,0.0,0.0,0.0,0.0,0.0,0.0,0.0,0.0,0.0,0.0,1437709
85,499392.0,0.0,424139.0,423556.0,6057.0,22494,1291.0,298.0,452.0,2.0,33388.0,52021.0,48.0,0.0,0.0,0.0,0.0,0.0,0.0,0.0,0.0,0.0,0.0,0.0,1463138
86,527688.0,0.0,342341.0,364202.0,5149.0,16586,839.0,289.0,445.0,1.0,23374.0,31591.0,39.0,0.0,0.0,0.0,0.0,0.0,0.0,0.0,0.0,0.0,0.0,0.0,1312544
87,378894.0,0.0,395284.0,660116.0,4892.0,17876,681.0,277.0,466.0,2.0,22002.0,31740.0,35.0,0.0,0.0,0.0,0.0,0.0,0.0,0.0,0.0,0.0,0.0,0.0,1512265
88,341354.0,0.0,299809.0,558458.0,4117.0,16190,368.0,224.0,512.0,3.0,21555.0,44192.0,35.0,0.0,0.0,0.0,0.0,0.0,0.0,0.0,0.0,0.0,0.0,0.0,1286817
89,505331.0,0.0,291203.0,475736.0,4102.0,14735,466.0,266.0,418.0,2.0,23619.0,43975.0,41.0,0.0,0.0,0.0,0.0,0.0,0.0,0.0,0.0,0.0,0.0,0.0,1359894
90,369570.0,0.0,275133.0,415323.0,3789.0,13855,594.0,277.0,487.0,0.0,22721.0,38092.0,39.0,0.0,0.0,0.0,0.0,0.0,0.0,0.0,0.0,0.0,0.0,0.0,1139880
91,363389.0,0.0,280874.0,367074.0,3872.0,13656,706.0,281.0,387.0,2.0,20932.0,31155.0,32.0,0.0,0.0,0.0,0.0,0.0,0.0,0.0,0.0,0.0,0.0,0.0,1082360
92,434761.0,0.0,268987.0,288281.0,3617.0,12930,484.0,274.0,420.0,6.0,22664.0,30426.0,36.0,0.0,0.0,0.0,0.0,0.0,0.0,0.0,0.0,0.0,0.0,0.0,1062886
93,395354.0,0.0,259339.0,279249.0,3737.0,12515,627.0,258.0,369.0,4.0,19869.0,26915.0,26.0,0.0,0.0,0.0,0.0,0.0,0.0,0.0,0.0,0.0,0.0,0.0,998262
94,384055.0,0.0,275408.0,290452.0,3950.0,12015,575.0,247.0,363.0,0.0,18410.0,24315.0,28.0,0.0,0.0,0.0,0.0,0.0,0.0,0.0,0.0,0.0,0.0,0.0,1009818
95,494805.0,0.0,314326.0,349370.0,4369.0,15419,542.0,251.0,419.0,1.0,19638.0,27589.0,31.0,0.0,0.0,0.0,0.0,0.0,0.0,0.0,0.0,0.0,0.0,0.0,1226760
96,430210.0,0.0,367921.0,421284.0,5789.0,16830,693.0,229.0,406.0,2.0,19092.0,29138.0,24.0,0.0,0.0,0.0,0.0,0.0,0.0,0.0,0.0,0.0,0.0,0.0,1291618
97,389581.0,0.0,360273.0,387244.0,5557.0,18622,508.0,258.0,453.0,5.0,28416.0,46640.0,60.0,0.0,0.0,0.0,0.0,0.0,0.0,0.0,0.0,0.0,0.0,0.0,1237617
98,397003.0,0.0,289444.0,349597.0,4970.0,15966,507.0,286.0,475.0,1.0,21523.0,32503.0,37.0,0.0,0.0,0.0,0.0,0.0,0.0,0.0,0.0,0.0,0.0,0.0,1112312
99,369765.0,0.0,343120.0,614228.0,4490.0,16550,571.0,254.0,480.0,0.0,20188.0,31463.0,0.0,0.0,0.0,0.0,0.0,0.0,0.0,0.0,0.0,0.0,0.0,0.0,1401109
100,355654.0,0.0,268972.0,515135.0,3637.0,14735,732.0,206.0,433.0,0.0,17851.0,39874.0,0.0,0.0,0.0,0.0,0.0,0.0,0.0,0.0,0.0,0.0,0.0,0.0,1217229
101,384929.0,0.0,275222.0,479436.0,3873.0,15369,598.0,262.0,485.0,0.0,21938.0,44448.0,0.0,0.0,0.0,0.0,0.0,0.0,0.0,0.0,0.0,0.0,0.0,0.0,1226560
102,361114.0,0.0,247609.0,405883.0,3414.0,14091,623.0,272.0,410.0,0.0,19743.0,34527.0,0.0,0.0,0.0,0.0,0.0,0.0,0.0,0.0,0.0,0.0,0.0,0.0,1087686
103,383627.0,0.0,259533.0,362310.0,3721.0,14465,486.0,253.0,403.0,0.0,17761.0,28320.0,0.0,0.0,0.0,0.0,0.0,0.0,0.0,0.0,0.0,0.0,0.0,0.0,1070879
104,361168.0,0.0,251513.0,286545.0,3824.0,14309,569.0,276.0,388.0,0.0,18502.0,26427.0,0.0,0.0,0.0,0.0,0.0,0.0,0.0,0.0,0.0,0.0,0.0,0.0,963521
105,361879.0,0.0,252910.0,288478.0,249.0,20191,489.0,227.0,350.0,0.0,16314.0,22983.0,0.0,0.0,0.0,0.0,0.0,0.0,0.0,0.0,0.0,0.0,0.0,0.0,964070
106,356375.0,0.0,282826.0,314167.0,0.0,24031,569.0,209.0,355.0,0.0,16982.0,23817.0,0.0,0.0,0.0,0.0,0.0,0.0,0.0,0.0,0.0,0.0,0.0,0.0,1019331
107,404904.0,0.0,352352.0,400232.0,0.0,24723,616.0,239.0,326.0,0.0,15441.0,23189.0,0.0,0.0,0.0,0.0,0.0,0.0,0.0,0.0,0.0,0.0,0.0,0.0,1222022
108,400071.0,0.0,405784.0,469117.0,0.0,26724,992.0,209.0,348.0,0.0,15130.0,23984.0,0.0,0.0,0.0,0.0,0.0,0.0,0.0,0.0,0.0,0.0,0.0,0.0,1342359
109,346281.0,0.0,394590.0,427636.0,0.0,26462,525.0,207.0,405.0,0.0,22547.0,38671.0,0.0,0.0,0.0,0.0,0.0,0.0,0.0,0.0,0.0,0.0,0.0,0.0,1257324
110,365055.0,0.0,355173.0,415474.0,0.0,24035,532.0,217.0,463.0,0.0,20126.0,31788.0,0.0,0.0,0.0,0.0,0.0,0.0,0.0,0.0,0.0,0.0,0.0,0.0,1212863
111,338222.0,0.0,414729.0,701783.0,0.0,23673,956.0,200.0,389.0,0.0,16244.0,26272.0,0.0,0.0,0.0,0.0,0.0,0.0,0.0,0.0,0.0,0.0,0.0,0.0,1522468
112,318298.0,0.0,408380.0,718920.0,0.0,27618,1176.0,157.0,370.0,0.0,16271.0,37151.0,0.0,0.0,0.0,0.0,0.0,0.0,0.0,0.0,0.0,0.0,0.0,0.0,1528341
113,334625.0,0.0,266882.0,501959.0,0.0,16856,1583.0,192.0,406.0,0.0,18957.0,40696.0,0.0,0.0,0.0,0.0,0.0,0.0,0.0,0.0,0.0,0.0,0.0,0.0,1182156
114,299192.0,0.0,216541.0,396165.0,0.0,13333,1295.0,202.0,347.0,0.0,15680.0,28858.0,0.0,0.0,0.0,0.0,0.0,0.0,0.0,0.0,0.0,0.0,0.0,0.0,971613
115,302305.0,0.0,234475.0,359617.0,0.0,13590,1147.0,215.0,363.0,0.0,16784.0,27189.0,0.0,0.0,0.0,0.0,0.0,0.0,0.0,0.0,0.0,0.0,0.0,0.0,955685
116,338320.0,0.0,228800.0,268417.0,0.0,12565,1324.0,173.0,307.0,0.0,15679.0,24049.0,0.0,0.0,0.0,0.0,0.0,0.0,0.0,0.0,0.0,0.0,0.0,0.0,889634
117,279522.0,0.0,224084.0,261885.0,0.0,11839,954.0,216.0,293.0,0.0,15510.0,24182.0,0.0,0.0,0.0,0.0,0.0,0.0,0.0,0.0,0.0,0.0,0.0,0.0,818485
118,294123.0,0.0,245153.0,287589.0,0.0,14125,1023.0,203.0,322.0,0.0,17097.0,25611.0,0.0,0.0,0.0,0.0,0.0,0.0,0.0,0.0,0.0,0.0,0.0,0.0,885246
119,313251.0,0.0,254774.0,320747.0,0.0,12237,622.0,181.0,275.0,0.0,14090.0,22568.0,0.0,0.0,0.0,0.0,0.0,0.0,0.0,0.0,0.0,0.0,0.0,0.0,938745
120,310605.0,0.0,292259.0,383826.0,0.0,13987,661.0,210.0,339.0,0.0,14131.0,23579.0,0.0,0.0,0.0,0.0,0.0,0.0,0.0,0.0,0.0,0.0,0.0,0.0,1039597
121,284658.0,0.0,293509.0,366887.0,0.0,14661,558.0,186.0,386.0,0.0,21211.0,37916.0,0.0,0.0,0.0,0.0,0.0,0.0,0.0,0.0,0.0,0.0,0.0,0.0,1019972
122,285900.0,0.0,251613.0,340172.0,0.0,12595,2584.0,195.0,408.0,0.0,17551.0,30025.0,0.0,0.0,0.0,0.0,0.0,0.0,0.0,0.0,0.0,0.0,0.0,0.0,941043
123,247013.0,0.0,286700.0,637862.0,0.0,13559,5424.0,217.0,425.0,0.0,14132.0,24278.0,0.0,0.0,0.0,0.0,0.0,0.0,0.0,0.0,0.0,0.0,0.0,0.0,1229610
124,262896.0,0.0,209034.0,533696.0,0.0,11455,6491.0,211.0,443.0,0.0,15836.0,39000.0,0.0,0.0,0.0,0.0,0.0,0.0,0.0,0.0,0.0,0.0,0.0,0.0,1079062
125,279686.0,0.0,207713.0,466026.0,0.0,11485,7018.0,215.0,450.0,0.0,15428.0,35878.0,0.0,0.0,0.0,0.0,0.0,0.0,0.0,0.0,0.0,0.0,0.0,0.0,1023899
126,276323.0,0.0,198349.0,409590.0,0.0,10471,5537.0,201.0,371.0,0.0,14283.0,28537.0,0.0,0.0,0.0,0.0,0.0,0.0,0.0,0.0,0.0,0.0,0.0,0.0,943662
127,268519.0,0.0,209962.0,372925.0,0.0,16658,476.0,238.0,423.0,0.0,16541.0,30355.0,0.0,0.0,0.0,0.0,0.0,0.0,0.0,0.0,0.0,0.0,0.0,0.0,916097
128,233186.0,0.0,185607.0,262350.0,0.0,38682,390.0,214.0,402.0,0.0,13610.0,22143.0,0.0,0.0,0.0,0.0,0.0,0.0,0.0,0.0,0.0,0.0,0.0,0.0,756584
129,240913.0,0.0,200776.0,261797.0,0.0,48052,344.0,323.0,514.0,0.0,15435.0,23838.0,0.0,0.0,0.0,0.0,0.0,0.0,0.0,0.0,0.0,0.0,0.0,0.0,791992
130,256378.0,0.0,203352.0,255251.0,0.0,49991,325.0,274.0,488.0,0.0,13803.0,21647.0,0.0,0.0,0.0,0.0,0.0,0.0,0.0,0.0,0.0,0.0,0.0,0.0,801509
131,250924.0,0.0,217941.0,302122.0,0.0,32835,340.0,230.0,434.0,0.0,12498.0,21318.0,0.0,0.0,0.0,0.0,0.0,0.0,0.0,0.0,0.0,0.0,0.0,0.0,838642
132,264740.0,0.0,252355.0,378185.0,0.0,37213,335.0,240.0,471.0,0.0,14831.0,25723.0,0.0,0.0,0.0,0.0,0.0,0.0,0.0,0.0,0.0,0.0,0.0,0.0,974093
133,240640.0,0.0,243489.0,346770.0,0.0,29898,238.0,245.0,510.0,0.0,18006.0,33751.0,0.0,0.0,0.0,0.0,0.0,0.0,0.0,0.0,0.0,0.0,0.0,0.0,913547
134,257584.0,0.0,220351.0,344123.0,0.0,24102,400.0,293.0,573.0,0.0,16387.0,29762.0,0.0,0.0,0.0,0.0,0.0,0.0,0.0,0.0,0.0,0.0,0.0,0.0,893575
135,231760.0,0.0,258436.0,701173.0,0.0,19157,345.0,266.0,565.0,0.0,14751.0,26331.0,0.0,0.0,0.0,0.0,0.0,0.0,0.0,0.0,0.0,0.0,0.0,0.0,1252784
136,221675.0,0.0,193491.0,561746.0,0.0,12211,405.0,274.0,630.0,0.0,14582.0,38584.0,0.0,0.0,0.0,0.0,0.0,0.0,0.0,0.0,0.0,0.0,0.0,0.0,1043598
137,233146.0,0.0,192838.0,480968.0,0.0,9857,440.0,321.0,696.0,0.0,14777.0,36049.0,0.0,0.0,0.0,0.0,0.0,0.0,0.0,0.0,0.0,0.0,0.0,0.0,969092
138,224287.0,0.0,184836.0,441633.0,0.0,12940,438.0,288.0,542.0,0.0,16636.0,35494.0,0.0,89.0,1.0,0.0,0.0,0.0,0.0,0.0,0.0,0.0,0.0,0.0,917184
139,231477.0,0.0,187628.0,356681.0,0.0,9450,486.0,280.0,455.0,0.0,15153.0,28770.0,0.0,94.0,3.0,0.0,0.0,0.0,0.0,0.0,0.0,0.0,0.0,0.0,830477
140,127885.0,0.0,170649.0,256212.0,0.0,8113,28442.0,238.0,445.0,0.0,14235.0,23526.0,0.0,117.0,4.0,0.0,0.0,0.0,0.0,0.0,0.0,0.0,0.0,0.0,629866
141,122498.0,0.0,181314.0,258085.0,0.0,8442,778.0,250.0,481.0,0.0,16070.0,25554.0,0.0,108.0,3.0,0.0,0.0,0.0,0.0,0.0,0.0,0.0,0.0,0.0,613583
142,127413.0,0.0,180830.0,264356.0,0.0,8298,3889.0,243.0,397.0,0.0,14211.0,22848.0,0.0,59.0,3.0,0.0,0.0,0.0,0.0,0.0,0.0,0.0,0.0,0.0,622547
143,123094.0,0.0,199106.0,320053.0,0.0,9432,5183.0,220.0,350.0,0.0,13164.0,22630.0,0.0,0.0,0.0,0.0,0.0,0.0,0.0,0.0,0.0,0.0,0.0,0.0,693232
144,137252.0,0.0,241027.0,404031.0,0.0,10444,416.0,240.0,398.0,0.0,15765.0,27707.0,0.0,0.0,0.0,0.0,0.0,0.0,0.0,0.0,0.0,0.0,0.0,0.0,837280
145,130490.0,0.0,236129.0,379843.0,0.0,11416,406.0,257.0,419.0,0.0,19374.0,37144.0,0.0,0.0,0.0,0.0,0.0,0.0,0.0,0.0,0.0,0.0,0.0,0.0,815478
146,126476.0,0.0,215041.0,364810.0,0.0,10357,564.0,269.0,539.0,0.0,17667.0,32213.0,0.0,0.0,0.0,0.0,0.0,0.0,0.0,0.0,0.0,0.0,0.0,0.0,767936
147,122388.0,0.0,252224.0,730234.0,0.0,11602,327.0,274.0,521.0,0.0,15454.0,28357.0,0.0,0.0,0.0,0.0,0.0,0.0,0.0,0.0,0.0,0.0,0.0,0.0,1161381
148,109157.0,0.0,186764.0,559050.0,0.0,9640,356.0,228.0,462.0,0.0,14841.0,41300.0,0.0,0.0,0.0,0.0,0.0,0.0,0.0,0.0,0.0,0.0,0.0,0.0,921798
149,106614.0,0.0,189530.0,484668.0,0.0,9828,472.0,234.0,453.0,0.0,15651.0,40410.0,0.0,0.0,0.0,0.0,0.0,0.0,0.0,0.0,0.0,0.0,0.0,0.0,847860
150,117774.0,0.0,191379.0,411804.0,0.0,9736,339.0,260.0,454.0,0.0,17264.0,37201.0,0.0,0.0,0.0,0.0,0.0,0.0,0.0,0.0,0.0,0.0,0.0,0.0,786211
151,117623.0,0.0,167497.0,339496.0,0.0,8263,447.0,282.0,491.0,0.0,15211.0,30163.0,0.0,0.0,0.0,0.0,0.0,0.0,0.0,0.0,0.0,0.0,0.0,0.0,679473
152,100008.0,0.0,157055.0,248387.0,0.0,7968,371.0,279.0,486.0,0.0,14704.0,26421.0,0.0,0.0,0.0,0.0,0.0,0.0,0.0,0.0,0.0,0.0,0.0,0.0,555679
153,104308.0,0.0,156864.0,240123.0,0.0,7889,476.0,236.0,442.0,0.0,13864.0,24382.0,0.0,0.0,0.0,0.0,0.0,0.0,0.0,0.0,0.0,0.0,0.0,0.0,548584
154,98958.0,0.0,159487.0,245440.0,0.0,7214,477.0,270.0,413.0,0.0,12677.0,22050.0,0.0,0.0,0.0,0.0,0.0,0.0,0.0,0.0,0.0,0.0,0.0,0.0,546986
155,103275.0,0.0,183521.0,310605.0,0.0,8390,479.0,272.0,442.0,0.0,13805.0,26634.0,0.0,0.0,0.0,0.0,0.0,0.0,0.0,0.0,0.0,0.0,0.0,0.0,647423
156,135724.0,0.0,211151.0,359349.0,0.0,9278,528.0,274.0,508.0,0.0,14080.0,26932.0,0.0,0.0,0.0,0.0,0.0,0.0,0.0,0.0,0.0,0.0,0.0,0.0,757824
157,112938.0,0.0,208959.0,341314.0,0.0,10789,1939.0,279.0,513.0,0.0,18958.0,39414.0,0.0,0.0,0.0,0.0,0.0,0.0,0.0,0.0,0.0,0.0,0.0,0.0,735103
158,121426.0,0.0,177309.0,313992.0,0.0,9153,6947.0,263.0,597.0,0.0,16607.0,32439.0,0.0,0.0,0.0,0.0,0.0,0.0,0.0,0.0,0.0,0.0,0.0,0.0,678733
159,119552.0,0.0,208714.0,672371.0,0.0,10052,10136.0,266.0,631.0,0.0,14354.0,29109.0,0.0,0.0,0.0,0.0,0.0,0.0,0.0,0.0,0.0,0.0,0.0,0.0,1065185
160,110354.0,0.0,158866.0,541301.0,0.0,8767,6909.0,243.0,576.0,0.0,14249.0,42674.0,0.0,0.0,0.0,0.0,0.0,0.0,0.0,0.0,0.0,0.0,0.0,0.0,883939
161,108865.0,0.0,163925.0,509424.0,0.0,9367,7269.0,323.0,500.0,0.0,16053.0,42081.0,0.0,0.0,0.0,0.0,0.0,0.0,0.0,0.0,0.0,0.0,0.0,0.0,857807
162,103985.0,0.0,147063.0,415941.0,0.0,8040,6006.0,352.0,460.0,0.0,15367.0,35774.0,0.0,0.0,0.0,0.0,0.0,0.0,0.0,0.0,0.0,0.0,0.0,0.0,732988
163,112037.0,0.0,146361.0,343533.0,0.0,7867,3632.0,321.0,486.0,0.0,14151.0,30531.0,0.0,0.0,0.0,0.0,0.0,0.0,0.0,0.0,0.0,0.0,0.0,0.0,658919
164,95975.0,0.0,144660.0,255930.0,0.0,7472,3608.0,306.0,469.0,0.0,15663.0,28902.0,0.0,0.0,0.0,0.0,0.0,0.0,0.0,0.0,0.0,0.0,0.0,0.0,552985
165,108864.0,0.0,142160.0,236499.0,0.0,7105,2793.0,323.0,465.0,0.0,14049.0,25684.0,0.0,0.0,0.0,0.0,0.0,0.0,0.0,0.0,0.0,0.0,0.0,0.0,537942
166,98314.0,0.0,146116.0,237955.0,0.0,6978,2766.0,350.0,499.0,0.0,13061.0,23737.0,0.0,0.0,0.0,0.0,0.0,0.0,0.0,0.0,0.0,0.0,0.0,0.0,529776
167,114782.0,0.0,166168.0,294009.0,0.0,8193,2612.0,279.0,504.0,0.0,14542.0,28190.0,0.0,0.0,0.0,0.0,0.0,0.0,0.0,0.0,0.0,0.0,0.0,0.0,629279
168,132525.0,0.0,194779.0,346529.0,0.0,8895,2255.0,413.0,584.0,0.0,14495.0,29079.0,0.0,0.0,0.0,0.0,0.0,0.0,0.0,0.0,0.0,0.0,0.0,0.0,729554
169,115765.0,0.0,196896.0,332001.0,0.0,10201,1775.0,302.0,568.0,0.0,18749.0,39622.0,0.0,0.0,0.0,0.0,0.0,0.0,0.0,0.0,0.0,0.0,0.0,0.0,715879
170,124654.0,0.0,174752.0,321354.0,0.0,9048,1798.0,465.0,717.0,0.0,17806.0,35044.0,0.0,0.0,0.0,0.0,0.0,0.0,0.0,0.0,0.0,0.0,0.0,0.0,685638
171,114596.0,0.0,194168.0,636817.0,0.0,9115,5224.0,370.0,678.0,0.0,14086.0,28026.0,0.0,0.0,0.0,0.0,0.0,0.0,0.0,0.0,0.0,0.0,0.0,0.0,1003080
172,99574.0,0.0,146487.0,519922.0,0.0,8400,6963.0,352.0,604.0,0.0,13659.0,40431.0,0.0,0.0,0.0,0.0,0.0,0.0,0.0,0.0,0.0,0.0,0.0,0.0,836392
173,122349.0,0.0,156170.0,489615.0,0.0,9000,7649.0,396.0,769.0,0.0,16477.0,45944.0,0.0,0.0,0.0,0.0,0.0,0.0,0.0,0.0,0.0,0.0,0.0,0.0,848369
174,120726.0,0.0,141785.0,404668.0,0.0,7998,6214.0,484.0,660.0,0.0,14168.0,34602.0,0.0,0.0,0.0,0.0,0.0,0.0,0.0,0.0,0.0,0.0,0.0,0.0,731305
175,114785.0,0.0,144300.0,350413.0,0.0,8378,5804.0,393.0,715.0,0.0,16492.0,36035.0,0.0,0.0,0.0,0.0,0.0,0.0,0.0,0.0,0.0,0.0,0.0,0.0,677315
176,104631.0,0.0,130002.0,235195.0,0.0,6855,4957.0,476.0,700.0,0.0,14547.0,27669.0,0.0,0.0,0.0,0.0,0.0,0.0,0.0,0.0,0.0,0.0,0.0,0.0,525032
177,110216.0,0.0,131164.0,230756.0,0.0,6629,5085.0,385.0,660.0,0.0,13524.0,25361.0,0.0,0.0,0.0,0.0,0.0,0.0,0.0,0.0,0.0,0.0,0.0,0.0,523780
178,115137.0,0.0,142009.0,247814.0,0.0,7366,4745.0,458.0,658.0,0.0,15033.0,27666.0,0.0,0.0,0.0,0.0,0.0,0.0,0.0,0.0,0.0,0.0,0.0,0.0,560886
179,126734.0,0.0,147437.0,286881.0,0.0,7485,4441.0,454.0,726.0,0.0,13386.0,27514.0,0.0,0.0,0.0,0.0,0.0,0.0,0.0,0.0,0.0,0.0,0.0,0.0,615058
180,134018.0,0.0,183979.0,352898.0,0.0,8886,6154.0,456.0,767.0,0.0,14178.0,28853.0,0.0,0.0,0.0,0.0,0.0,0.0,0.0,0.0,0.0,0.0,0.0,0.0,730189
181,119080.0,0.0,180043.0,324944.0,0.0,10157,6878.0,468.0,831.0,0.0,19299.0,42256.0,0.0,0.0,0.0,0.0,0.0,0.0,0.0,0.0,0.0,0.0,0.0,0.0,703956
182,121650.0,0.0,153534.0,303134.0,0.0,8967,5832.0,454.0,888.0,0.0,17078.0,35345.0,0.0,0.0,0.0,0.0,0.0,0.0,0.0,0.0,0.0,0.0,0.0,0.0,646882
183,106913.0,0.0,189518.0,614830.0,0.0,8047,9385.0,429.0,950.0,0.0,12999.0,26848.0,0.0,0.0,0.0,0.0,0.0,0.0,0.0,0.0,0.0,0.0,0.0,0.0,969919
184,110405.0,0.0,151047.0,541256.0,0.0,8205,7191.0,388.0,915.0,0.0,15278.0,46856.0,0.0,0.0,0.0,0.0,0.0,0.0,0.0,0.0,0.0,0.0,0.0,0.0,881541
185,120468.0,0.0,152979.0,493416.0,0.0,8387,7127.0,546.0,948.0,0.0,15487.0,43755.0,0.0,0.0,0.0,0.0,0.0,0.0,0.0,0.0,0.0,0.0,0.0,0.0,843113
186,106735.0,0.0,137842.0,410605.0,0.0,7578,5720.0,431.0,805.0,0.0,14161.0,34393.0,0.0,0.0,0.0,0.0,0.0,0.0,0.0,0.0,0.0,0.0,0.0,0.0,718270
187,110328.0,0.0,149252.0,364061.0,0.0,7933,5291.0,390.0,897.0,0.0,15467.0,35191.0,0.0,0.0,0.0,0.0,0.0,0.0,0.0,0.0,0.0,0.0,0.0,0.0,688810
188,105221.0,0.0,129710.0,244456.0,0.0,6291,4586.0,379.0,833.0,0.0,12859.0,25836.0,0.0,0.0,0.0,0.0,0.0,0.0,0.0,0.0,0.0,0.0,0.0,0.0,530171
189,97541.0,0.0,130645.0,230211.0,0.0,6400,4751.0,348.0,730.0,0.0,12377.0,24219.0,0.0,0.0,0.0,0.0,0.0,0.0,0.0,0.0,0.0,0.0,0.0,0.0,507222
190,116290.0,0.0,142899.0,245579.0,0.0,6776,4966.0,380.0,848.0,0.0,13391.0,26330.0,0.0,0.0,0.0,0.0,0.0,0.0,0.0,0.0,0.0,0.0,0.0,0.0,557459
191,123263.0,0.0,151668.0,292305.0,0.0,7294,5339.0,435.0,879.0,0.0,12153.0,26333.0,0.0,0.0,0.0,0.0,0.0,0.0,0.0,0.0,0.0,0.0,0.0,0.0,619669
192,120134.0,0.0,176673.0,349184.0,0.0,8577,8327.0,416.0,950.0,0.0,13648.0,29988.0,0.0,0.0,0.0,0.0,0.0,0.0,0.0,0.0,0.0,0.0,0.0,0.0,707897
193,116507.0,0.0,174298.0,317992.0,0.0,9330,7895.0,453.0,1076.0,0.0,18413.0,41047.0,0.0,0.0,0.0,0.0,0.0,0.0,0.0,0.0,0.0,0.0,0.0,0.0,687011
194,129406.0,0.0,158581.0,305416.0,0.0,8251,6198.0,487.0,1249.0,0.0,14818.0,31581.0,0.0,0.0,0.0,0.0,0.0,0.0,0.0,0.0,0.0,0.0,0.0,0.0,655987
195,126951.0,0.0,204291.0,664194.0,0.0,8581,10917.0,538.0,1268.0,0.0,12314.0,26244.0,0.0,0.0,0.0,0.0,0.0,0.0,0.0,0.0,0.0,0.0,0.0,0.0,1055298
196,136351.0,0.0,176321.0,586142.0,0.0,8805,8443.0,666.0,1809.0,0.0,13910.0,43763.0,0.0,0.0,0.0,0.0,0.0,0.0,0.0,0.0,0.0,0.0,0.0,0.0,976210
197,143519.0,0.0,234378.0,619926.0,0.0,10578,11330.0,70.0,189.0,0.0,775.0,2315.0,0.0,0.0,0.0,0.0,0.0,0.0,0.0,0.0,0.0,0.0,0.0,0.0,1023080
198,107489.0,0.0,200900.0,530688.0,0.0,9867,8884.0,0.0,0.0,0.0,0.0,0.0,0.0,0.0,0.0,0.0,0.0,0.0,0.0,0.0,0.0,0.0,0.0,0.0,857828
199,117402.0,0.0,162304.0,408961.0,0.0,7849,7494.0,0.0,0.0,0.0,0.0,0.0,0.0,0.0,0.0,0.0,0.0,0.0,0.0,0.0,0.0,0.0,0.0,0.0,704010
200,108841.0,0.0,143753.0,266797.0,0.0,6337,6578.0,0.0,0.0,0.0,0.0,0.0,0.0,0.0,0.0,0.0,0.0,0.0,0.0,0.0,0.0,0.0,0.0,0.0,532306
201,103132.0,0.0,152573.0,265952.0,0.0,6611,6101.0,0.0,0.0,0.0,0.0,0.0,0.0,0.0,0.0,0.0,0.0,0.0,0.0,0.0,0.0,0.0,0.0,0.0,534369
202,102192.0,0.0,158290.0,258820.0,0.0,6561,6574.0,0.0,0.0,0.0,0.0,0.0,0.0,0.0,0.0,0.0,0.0,0.0,0.0,0.0,0.0,0.0,0.0,0.0,532437
203,106439.0,0.0,162839.0,300907.0,0.0,6702,6875.0,0.0,0.0,0.0,0.0,0.0,0.0,0.0,0.0,0.0,0.0,0.0,0.0,0.0,0.0,0.0,0.0,0.0,583762
204,129897.0,0.0,199519.0,373490.0,0.0,8475,9096.0,0.0,0.0,0.0,0.0,0.0,0.0,0.0,0.0,0.0,0.0,0.0,0.0,0.0,0.0,0.0,0.0,0.0,720477
205,111219.0,0.0,192931.0,344365.0,0.0,8993,8844.0,0.0,0.0,0.0,0.0,0.0,0.0,0.0,0.0,0.0,0.0,0.0,0.0,0.0,0.0,0.0,0.0,0.0,666352
206,114906.0,0.0,179114.0,323133.0,0.0,7773,8990.0,0.0,0.0,0.0,0.0,0.0,0.0,0.0,0.0,0.0,0.0,0.0,0.0,0.0,0.0,0.0,0.0,0.0,633916
207,90824.0,0.0,230999.0,648818.0,0.0,8412,14603.0,0.0,0.0,0.0,0.0,0.0,0.0,0.0,0.0,0.0,0.0,0.0,0.0,0.0,0.0,0.0,0.0,0.0,993656
208,100761.0,0.0,181410.0,587781.0,0.0,7386,11209.0,0.0,0.0,0.0,0.0,0.0,0.0,0.0,0.0,0.0,0.0,0.0,0.0,0.0,0.0,0.0,0.0,0.0,888547
209,110765.0,0.0,168669.0,536428.0,0.0,8454,12047.0,0.0,0.0,0.0,0.0,0.0,0.0,0.0,0.0,0.0,0.0,0.0,0.0,0.0,0.0,0.0,0.0,0.0,836363
210,101460.0,0.0,164780.0,488916.0,0.0,8158,10832.0,0.0,0.0,0.0,0.0,0.0,0.0,0.0,0.0,0.0,0.0,0.0,0.0,0.0,0.0,0.0,0.0,0.0,774146
211,109975.0,0.0,166799.0,381778.0,0.0,7566,10276.0,0.0,0.0,0.0,0.0,0.0,0.0,0.0,0.0,0.0,0.0,0.0,0.0,0.0,0.0,0.0,0.0,0.0,676394
212,94508.0,0.0,154169.0,270179.0,0.0,6618,8424.0,0.0,0.0,0.0,0.0,0.0,0.0,0.0,0.0,0.0,0.0,0.0,0.0,0.0,0.0,0.0,0.0,0.0,533898
213,101311.0,0.0,163593.0,259291.0,0.0,7038,8803.0,0.0,0.0,0.0,0.0,0.0,0.0,0.0,0.0,0.0,0.0,0.0,0.0,0.0,0.0,0.0,0.0,0.0,540036
214,99202.0,0.0,161115.0,249427.0,0.0,8058,8719.0,0.0,0.0,0.0,0.0,0.0,0.0,0.0,0.0,0.0,0.0,0.0,0.0,0.0,0.0,0.0,0.0,0.0,526521
215,102060.0,0.0,180538.0,307934.0,0.0,7823,8281.0,0.0,0.0,0.0,0.0,0.0,0.0,0.0,0.0,0.0,0.0,0.0,0.0,0.0,0.0,0.0,0.0,0.0,606636
216,116872.0,0.0,219150.0,368699.0,0.0,8994,12018.0,0.0,0.0,0.0,0.0,0.0,0.0,0.0,0.0,0.0,0.0,0.0,0.0,0.0,0.0,0.0,0.0,0.0,725733
217,99914.0,0.0,214980.0,357950.0,0.0,9444,14025.0,0.0,0.0,0.0,0.0,0.0,0.0,0.0,0.0,0.0,0.0,0.0,0.0,0.0,0.0,0.0,0.0,0.0,696313
218,100162.0,0.0,185677.0,322777.0,0.0,7826,12411.0,0.0,0.0,0.0,0.0,0.0,0.0,0.0,0.0,0.0,0.0,0.0,0.0,0.0,0.0,0.0,0.0,0.0,628853
219,98264.0,0.0,306408.0,806806.0,0.0,11786,25069.0,0.0,0.0,0.0,0.0,0.0,0.0,0.0,0.0,0.0,0.0,0.0,0.0,0.0,0.0,0.0,0.0,0.0,1248333
220,92502.0,0.0,213347.0,664016.0,0.0,10384,15645.0,0.0,0.0,0.0,0.0,0.0,0.0,0.0,0.0,0.0,0.0,0.0,0.0,0.0,0.0,0.0,0.0,0.0,995894
221,92050.0,0.0,214798.0,601482.0,0.0,9864,16728.0,0.0,0.0,0.0,0.0,0.0,0.0,0.0,0.0,0.0,0.0,0.0,0.0,0.0,0.0,0.0,0.0,0.0,934922
222,85273.0,0.0,185025.0,508439.0,0.0,8195,12378.0,0.0,0.0,0.0,0.0,0.0,0.0,0.0,0.0,0.0,0.0,0.0,0.0,0.0,0.0,0.0,0.0,0.0,799310
223,82428.0,0.0,189920.0,402909.0,0.0,8502,11221.0,0.0,0.0,0.0,0.0,0.0,0.0,0.0,0.0,0.0,0.0,0.0,0.0,0.0,0.0,0.0,0.0,0.0,694980
224,70806.0,0.0,186675.0,303711.0,0.0,8221,10221.0,0.0,0.0,0.0,0.0,0.0,0.0,0.0,0.0,0.0,0.0,0.0,0.0,0.0,0.0,0.0,0.0,0.0,579634
225,79996.0,0.0,183471.0,286331.0,0.0,6588,8526.0,0.0,0.0,0.0,0.0,0.0,0.0,0.0,0.0,0.0,0.0,0.0,0.0,0.0,0.0,0.0,0.0,0.0,564912
226,80492.0,0.0,192021.0,281434.0,0.0,6601,8672.0,0.0,0.0,0.0,0.0,0.0,0.0,0.0,0.0,0.0,0.0,0.0,0.0,0.0,0.0,0.0,0.0,0.0,569220
227,90873.0,0.0,207093.0,323222.0,0.0,7341,10137.0,0.0,0.0,0.0,0.0,0.0,0.0,0.0,0.0,0.0,0.0,0.0,0.0,0.0,0.0,0.0,0.0,0.0,638666
228,103185.0,0.0,241036.0,376775.0,0.0,9537,11154.0,0.0,0.0,0.0,0.0,0.0,0.0,0.0,0.0,0.0,0.0,0.0,0.0,0.0,0.0,0.0,0.0,0.0,741687
229,84759.0,0.0,232448.0,352411.0,0.0,9226,11371.0,0.0,0.0,0.0,0.0,0.0,0.0,0.0,0.0,0.0,0.0,0.0,0.0,0.0,0.0,0.0,0.0,0.0,690215
230,77072.0,0.0,184496.0,309915.0,0.0,7498,6993.0,0.0,0.0,0.0,0.0,0.0,0.0,0.0,0.0,0.0,0.0,0.0,0.0,0.0,0.0,0.0,0.0,0.0,585974
231,76096.0,0.0,213140.0,570882.0,0.0,8445,2159.0,0.0,0.0,0.0,0.0,0.0,0.0,0.0,0.0,0.0,0.0,0.0,0.0,0.0,0.0,0.0,0.0,0.0,870722
232,2073.0,0.0,6859.0,11909.0,0.0,275,60.0,0.0,0.0,0.0,0.0,0.0,0.0,0.0,0.0,0.0,0.0,0.0,0.0,0.0,0.0,0.0,0.0,0.0,21176
